/*
 Navicat Premium Data Transfer

 Source Server         : mysql
 Source Server Type    : MySQL
 Source Server Version : 50733
 Source Host           : localhost:3306
 Source Schema         : dormitory-management

 Target Server Type    : MySQL
 Target Server Version : 50733
 File Encoding         : 65001

 Date: 23/08/2021 21:36:34
*/

SET NAMES utf8mb4;
SET FOREIGN_KEY_CHECKS = 0;

-- ----------------------------
-- Table structure for classes
-- ----------------------------
DROP TABLE IF EXISTS `classes`;
CREATE TABLE `classes` (
  `cid` int(10) NOT NULL COMMENT '班级代号',
  `cgrade` int(10) DEFAULT NULL COMMENT '班级年级',
  `mid` int(10) DEFAULT NULL COMMENT '专业代号',
  `cname` varchar(255) DEFAULT NULL COMMENT '班级名',
  `scid` int(10) DEFAULT NULL COMMENT '班级辅导员',
  `cstatus` int(10) DEFAULT NULL COMMENT '班级状态',
  PRIMARY KEY (`cid`),
  KEY `cscid` (`scid`),
  KEY `cmid` (`mid`),
  CONSTRAINT `mid` FOREIGN KEY (`mid`) REFERENCES `major` (`mid`) ON UPDATE CASCADE,
  CONSTRAINT `scid` FOREIGN KEY (`scid`) REFERENCES `sc` (`scid`) ON UPDATE CASCADE
) ENGINE=InnoDB DEFAULT CHARSET=utf8mb4 COMMENT='班级表';

-- ----------------------------
-- Records of classes
-- ----------------------------
BEGIN;
INSERT INTO `classes` VALUES (20181201, 2018, 12, '18计算计科学与技术01班', 110420, 1);
INSERT INTO `classes` VALUES (20181301, 2018, 13, '18通信工程01班', 110420, 1);
INSERT INTO `classes` VALUES (20181302, 2018, 13, '18通信工程02班', 110420, 1);
INSERT INTO `classes` VALUES (20181401, 2018, 14, '18信息管理01班', 110420, 1);
INSERT INTO `classes` VALUES (20183701, 2018, 37, '18计算计科学与技术（嵌入式）01班', 110420, 1);
INSERT INTO `classes` VALUES (20184201, 2018, 42, '18信息管理（嵌入式）01班', 110420, 1);
INSERT INTO `classes` VALUES (20184401, 2018, 44, '18软件工程01班', 110420, 1);
INSERT INTO `classes` VALUES (20184501, 2018, 45, '18软件工程（嵌入式）01班', 110420, 1);
COMMIT;

-- ----------------------------
-- Table structure for college
-- ----------------------------
DROP TABLE IF EXISTS `college`;
CREATE TABLE `college` (
  `collegeid` int(10) NOT NULL COMMENT '学院id',
  `collegename` varchar(255) DEFAULT NULL COMMENT '学院名称',
  `collstatus` int(10) DEFAULT NULL COMMENT '学院状态',
  PRIMARY KEY (`collegeid`)
) ENGINE=InnoDB DEFAULT CHARSET=utf8mb4 COMMENT='学院表';

-- ----------------------------
-- Records of college
-- ----------------------------
BEGIN;
INSERT INTO `college` VALUES (20, '计算机与通信工程学院', 1);
COMMIT;

-- ----------------------------
-- Table structure for dorm
-- ----------------------------
DROP TABLE IF EXISTS `dorm`;
CREATE TABLE `dorm` (
  `did` bigint(10) NOT NULL COMMENT '宿舍代号',
  `dbno` varchar(255) DEFAULT NULL COMMENT '宿舍楼号',
  `dfloor` int(10) DEFAULT NULL COMMENT '宿舍楼层',
  `dno` int(10) DEFAULT NULL COMMENT '宿舍房间号（不包括AB）',
  `dhno` varchar(255) DEFAULT NULL COMMENT '宿舍A/B间',
  `dtype` int(10) DEFAULT NULL COMMENT '宿舍型号',
  PRIMARY KEY (`did`)
) ENGINE=InnoDB DEFAULT CHARSET=utf8mb4 COMMENT='宿舍表';

-- ----------------------------
-- Records of dorm
-- ----------------------------
BEGIN;
INSERT INTO `dorm` VALUES (67040020100, 'C4', 2, 201, NULL, 4);
INSERT INTO `dorm` VALUES (67040020200, 'C4', 2, 202, NULL, 4);
INSERT INTO `dorm` VALUES (67040020300, 'C4', 2, 203, NULL, 4);
INSERT INTO `dorm` VALUES (67040020400, 'C4', 2, 204, NULL, 4);
INSERT INTO `dorm` VALUES (67040020500, 'C4', 2, 205, NULL, 4);
INSERT INTO `dorm` VALUES (67040030100, 'C4', 3, 301, NULL, 4);
INSERT INTO `dorm` VALUES (67040030200, 'C4', 3, 302, NULL, 4);
INSERT INTO `dorm` VALUES (67040030300, 'C4', 3, 303, NULL, 4);
INSERT INTO `dorm` VALUES (67040030400, 'C4', 3, 304, NULL, 4);
INSERT INTO `dorm` VALUES (67040030500, 'C4', 3, 305, NULL, 4);
INSERT INTO `dorm` VALUES (67040030600, 'C4', 3, 306, NULL, 4);
INSERT INTO `dorm` VALUES (67040030700, 'C4', 3, 307, NULL, 4);
INSERT INTO `dorm` VALUES (67040030800, 'C4', 3, 308, NULL, 4);
INSERT INTO `dorm` VALUES (67040030900, 'C4', 3, 309, NULL, 4);
INSERT INTO `dorm` VALUES (67040031000, 'C4', 3, 310, NULL, 4);
INSERT INTO `dorm` VALUES (67040031100, 'C4', 3, 311, NULL, 4);
INSERT INTO `dorm` VALUES (67040031200, 'C4', 3, 312, NULL, 4);
INSERT INTO `dorm` VALUES (67040031300, 'C4', 3, 313, NULL, 4);
INSERT INTO `dorm` VALUES (67040031400, 'C4', 3, 314, NULL, 4);
INSERT INTO `dorm` VALUES (67040031500, 'C4', 3, 315, NULL, 4);
INSERT INTO `dorm` VALUES (67040031600, 'C4', 3, 316, NULL, 4);
INSERT INTO `dorm` VALUES (67040031700, 'C4', 3, 317, NULL, 4);
INSERT INTO `dorm` VALUES (67040031800, 'C4', 3, 318, NULL, 4);
INSERT INTO `dorm` VALUES (67040040100, 'C4', 4, 401, NULL, 4);
INSERT INTO `dorm` VALUES (67040040200, 'C4', 4, 402, NULL, 4);
INSERT INTO `dorm` VALUES (67040040300, 'C4', 4, 403, NULL, 4);
INSERT INTO `dorm` VALUES (67040040400, 'C4', 4, 404, NULL, 4);
INSERT INTO `dorm` VALUES (67040040500, 'C4', 4, 405, NULL, 4);
INSERT INTO `dorm` VALUES (67040040600, 'C4', 4, 406, NULL, 4);
INSERT INTO `dorm` VALUES (67040040700, 'C4', 4, 407, NULL, 4);
INSERT INTO `dorm` VALUES (67040040800, 'C4', 4, 408, NULL, 4);
INSERT INTO `dorm` VALUES (67040040900, 'C4', 4, 409, NULL, 4);
INSERT INTO `dorm` VALUES (67040041000, 'C4', 4, 410, NULL, 4);
INSERT INTO `dorm` VALUES (67040041100, 'C4', 4, 411, NULL, 4);
INSERT INTO `dorm` VALUES (67040041200, 'C4', 4, 412, NULL, 4);
INSERT INTO `dorm` VALUES (67040041300, 'C4', 4, 413, NULL, 4);
INSERT INTO `dorm` VALUES (67040041400, 'C4', 4, 414, NULL, 4);
INSERT INTO `dorm` VALUES (67040041500, 'C4', 4, 415, NULL, 4);
INSERT INTO `dorm` VALUES (67040041600, 'C4', 4, 416, NULL, 4);
INSERT INTO `dorm` VALUES (67040041700, 'C4', 4, 417, NULL, 4);
INSERT INTO `dorm` VALUES (67040041800, 'C4', 4, 418, NULL, 4);
INSERT INTO `dorm` VALUES (67040050100, 'C4', 5, 501, NULL, 4);
INSERT INTO `dorm` VALUES (67040050200, 'C4', 5, 502, NULL, 4);
INSERT INTO `dorm` VALUES (67040050300, 'C4', 5, 503, NULL, 4);
INSERT INTO `dorm` VALUES (67040050400, 'C4', 5, 504, NULL, 4);
INSERT INTO `dorm` VALUES (67040050500, 'C4', 5, 505, NULL, 4);
INSERT INTO `dorm` VALUES (67040050600, 'C4', 5, 506, NULL, 4);
INSERT INTO `dorm` VALUES (67040050700, 'C4', 5, 507, NULL, 4);
INSERT INTO `dorm` VALUES (67040050800, 'C4', 5, 508, NULL, 4);
INSERT INTO `dorm` VALUES (67040050900, 'C4', 5, 509, NULL, 4);
INSERT INTO `dorm` VALUES (67040051000, 'C4', 5, 510, NULL, 4);
INSERT INTO `dorm` VALUES (67040051100, 'C4', 5, 511, NULL, 4);
INSERT INTO `dorm` VALUES (67040051200, 'C4', 5, 512, NULL, 4);
INSERT INTO `dorm` VALUES (67040051300, 'C4', 5, 513, NULL, 4);
INSERT INTO `dorm` VALUES (67040051400, 'C4', 5, 514, NULL, 4);
INSERT INTO `dorm` VALUES (67040051500, 'C4', 5, 515, NULL, 4);
INSERT INTO `dorm` VALUES (67040051600, 'C4', 5, 516, NULL, 4);
INSERT INTO `dorm` VALUES (67040051700, 'C4', 5, 517, NULL, 4);
INSERT INTO `dorm` VALUES (67040051800, 'C4', 5, 518, NULL, 4);
INSERT INTO `dorm` VALUES (76166650902, 'L16B', 5, 509, 'B', 6);
INSERT INTO `dorm` VALUES (76166651001, 'L16B', 5, 510, 'A', 6);
INSERT INTO `dorm` VALUES (76166651002, 'L16B', 5, 510, 'B', 6);
INSERT INTO `dorm` VALUES (76166651101, 'L16B', 5, 511, 'A', 6);
INSERT INTO `dorm` VALUES (76166651102, 'L16B', 5, 511, 'B', 6);
INSERT INTO `dorm` VALUES (76166651201, 'L16B', 5, 512, 'A', 6);
INSERT INTO `dorm` VALUES (76166651202, 'L16B', 5, 512, 'B', 6);
INSERT INTO `dorm` VALUES (76166651301, 'L16B', 5, 513, 'A', 6);
INSERT INTO `dorm` VALUES (76166651302, 'L16B', 5, 513, 'B', 6);
INSERT INTO `dorm` VALUES (76166651401, 'L16B', 5, 514, 'A', 6);
INSERT INTO `dorm` VALUES (76166651402, 'L16B', 5, 514, 'B', 6);
INSERT INTO `dorm` VALUES (76166651501, 'L16B', 5, 515, 'A', 6);
INSERT INTO `dorm` VALUES (76166651502, 'L16B', 5, 515, 'B', 6);
INSERT INTO `dorm` VALUES (76166651601, 'L16B', 5, 516, 'A', 6);
INSERT INTO `dorm` VALUES (76166651602, 'L16B', 5, 516, 'B', 6);
INSERT INTO `dorm` VALUES (76166651701, 'L16B', 5, 517, 'A', 6);
INSERT INTO `dorm` VALUES (76166651702, 'L16B', 5, 517, 'B', 6);
INSERT INTO `dorm` VALUES (76166652602, 'L16B', 5, 526, 'B', 6);
COMMIT;

-- ----------------------------
-- Table structure for leavenote
-- ----------------------------
DROP TABLE IF EXISTS `leavenote`;
CREATE TABLE `leavenote` (
  `lid` int(10) NOT NULL COMMENT '请假单号',
  `sid` int(10) DEFAULT NULL COMMENT '学生代号',
  `scid` int(10) DEFAULT NULL COMMENT '辅导员代号',
  `lcratetime` datetime DEFAULT NULL COMMENT '请假单创建时间',
  `lstarttime` datetime DEFAULT NULL COMMENT '请假开始时间',
  `lendtime` datetime DEFAULT NULL COMMENT '请假结束时间',
  `lnote` text COMMENT '备注',
  `ltype` int(10) DEFAULT NULL COMMENT '请假单类型',
  PRIMARY KEY (`lid`),
  KEY `lscid` (`scid`),
  KEY `lsid` (`sid`),
  CONSTRAINT `lscid` FOREIGN KEY (`scid`) REFERENCES `sc` (`scid`) ON UPDATE CASCADE,
  CONSTRAINT `lsid` FOREIGN KEY (`sid`) REFERENCES `student` (`sid`) ON UPDATE CASCADE
) ENGINE=InnoDB DEFAULT CHARSET=utf8mb4 COMMENT='请假单表';

-- ----------------------------
-- Records of leavenote
-- ----------------------------
BEGIN;
COMMIT;

-- ----------------------------
-- Table structure for major
-- ----------------------------
DROP TABLE IF EXISTS `major`;
CREATE TABLE `major` (
  `mid` int(10) NOT NULL COMMENT '专业代号',
  `mname` varchar(255) DEFAULT NULL COMMENT '专业名称',
  `mstatus` int(10) DEFAULT NULL COMMENT '专业状态',
  `collegeid` int(10) DEFAULT NULL COMMENT '所在学院',
  PRIMARY KEY (`mid`) USING BTREE,
  KEY `colid` (`collegeid`),
  CONSTRAINT `colid` FOREIGN KEY (`collegeid`) REFERENCES `college` (`collegeid`) ON UPDATE CASCADE
) ENGINE=InnoDB DEFAULT CHARSET=utf8mb4 COMMENT='专业表';

-- ----------------------------
-- Records of major
-- ----------------------------
BEGIN;
INSERT INTO `major` VALUES (12, '计算计科学与技术', 1, 20);
INSERT INTO `major` VALUES (13, '通信工程', 1, 20);
INSERT INTO `major` VALUES (14, '信息管理', 1, 20);
INSERT INTO `major` VALUES (37, '计算计科学与技术（嵌入式）', 1, 20);
INSERT INTO `major` VALUES (42, '信息管理（嵌入式）', 1, 20);
INSERT INTO `major` VALUES (44, '软件工程', 1, 20);
INSERT INTO `major` VALUES (45, '软件工程（嵌入式）', 1, 20);
COMMIT;

-- ----------------------------
-- Table structure for power
-- ----------------------------
DROP TABLE IF EXISTS `power`;
CREATE TABLE `power` (
  `id` int(11) NOT NULL AUTO_INCREMENT,
  `power` varchar(255) CHARACTER SET utf8 DEFAULT NULL,
  `status` int(11) DEFAULT NULL COMMENT '1表示可用0表示禁用',
  PRIMARY KEY (`id`)
) ENGINE=InnoDB AUTO_INCREMENT=4 DEFAULT CHARSET=utf8mb4 COMMENT='权限表';

-- ----------------------------
-- Records of power
-- ----------------------------
BEGIN;
INSERT INTO `power` VALUES (1, '管理员', 1);
INSERT INTO `power` VALUES (2, '运维', 1);
INSERT INTO `power` VALUES (3, '普通用户', 1);
COMMIT;

-- ----------------------------
-- Table structure for sc
-- ----------------------------
DROP TABLE IF EXISTS `sc`;
CREATE TABLE `sc` (
  `scid` int(11) NOT NULL COMMENT '辅导员代码',
  `scname` varchar(255) DEFAULT NULL COMMENT '辅导员姓名',
  `collegeid` int(10) NOT NULL COMMENT '学院代码',
  `sctel` varchar(255) DEFAULT NULL COMMENT '辅导员电话',
  `scstatus` int(10) DEFAULT NULL COMMENT '辅导员状态',
  `scpassword` varchar(255) DEFAULT NULL COMMENT '密码',
  `pid` int(10) NOT NULL COMMENT '权限',
  PRIMARY KEY (`scid`),
  KEY `powerid` (`pid`),
  KEY `collegeid` (`collegeid`),
  CONSTRAINT `collegeid` FOREIGN KEY (`collegeid`) REFERENCES `college` (`collegeid`) ON UPDATE CASCADE,
  CONSTRAINT `powerid` FOREIGN KEY (`pid`) REFERENCES `power` (`id`) ON UPDATE CASCADE
) ENGINE=InnoDB DEFAULT CHARSET=utf8mb4 COMMENT='辅导员表';

-- ----------------------------
-- Records of sc
-- ----------------------------
BEGIN;
INSERT INTO `sc` VALUES (10421, 'njklnkj', 20, NULL, 0, NULL, 1);
INSERT INTO `sc` VALUES (110420, '马明旭', 20, '13337823195', 1, NULL, 1);
COMMIT;

-- ----------------------------
-- Table structure for student
-- ----------------------------
DROP TABLE IF EXISTS `student`;
CREATE TABLE `student` (
  `sid` int(10) NOT NULL COMMENT '学生学号',
  `sname` varchar(255) DEFAULT NULL COMMENT '学生姓名',
  `collegeid` int(10) NOT NULL COMMENT '所处学院代码',
  `ssex` int(10) DEFAULT NULL COMMENT '性别',
  `cid` int(10) DEFAULT NULL COMMENT '学生班级',
  `did` bigint(10) DEFAULT NULL COMMENT '学生宿舍号',
  `sidcard` varchar(255) DEFAULT NULL COMMENT '身份证号',
  `stel` varchar(11) DEFAULT NULL COMMENT '学生电话',
  `sptel` varchar(255) DEFAULT NULL COMMENT '学生家长电话',
  `sptel2` varchar(255) DEFAULT NULL COMMENT '学生家长电话',
  `sbed` int(10) DEFAULT NULL COMMENT '床位',
  `spassword` varchar(255) DEFAULT NULL COMMENT '密码',
  `pid` int(10) DEFAULT NULL COMMENT '权限',
  `isafl` int(10) DEFAULT NULL COMMENT '是否请假（0为未请假，1为请假中，2为请假）',
  PRIMARY KEY (`sid`),
  KEY `class` (`cid`),
  KEY `dorm` (`did`),
  KEY `power` (`pid`),
  KEY `college` (`collegeid`),
  CONSTRAINT `class` FOREIGN KEY (`cid`) REFERENCES `classes` (`cid`) ON UPDATE CASCADE,
  CONSTRAINT `college` FOREIGN KEY (`collegeid`) REFERENCES `college` (`collegeid`) ON UPDATE CASCADE,
  CONSTRAINT `dorm` FOREIGN KEY (`did`) REFERENCES `dorm` (`did`) ON UPDATE CASCADE,
  CONSTRAINT `power` FOREIGN KEY (`pid`) REFERENCES `power` (`id`) ON UPDATE CASCADE
) ENGINE=InnoDB DEFAULT CHARSET=utf8mb4 COMMENT='学生表';

-- ----------------------------
-- Records of student
-- ----------------------------
BEGIN;
INSERT INTO `student` VALUES (2016090409, '喻炎', 20, 1, 20181201, 67040040500, '41152419971025001X', '13016991695', NULL, NULL, 3, NULL, 3, NULL);
INSERT INTO `student` VALUES (2016130115, '王明政', 20, 1, 20181301, 67040020400, '340823199710136816', '17365472682', NULL, NULL, 1, NULL, 3, NULL);
INSERT INTO `student` VALUES (2016140137, '程麒瑞', 20, 1, 20181401, 67040051200, '440402199811299235', '13182922375', '18923379855', '18656110909', 4, NULL, 3, NULL);
INSERT INTO `student` VALUES (2016370113, '胡筱晓', 20, 1, 20183701, 67040050400, '320602199711180513', '15016995072', NULL, NULL, 4, NULL, 3, NULL);
INSERT INTO `student` VALUES (2016380115, '马锐', 20, 1, 20181301, 67040020400, '320724199810061214', '13016992118', NULL, NULL, 4, NULL, 3, NULL);
INSERT INTO `student` VALUES (2016380216, '江璇', 20, 1, 20181301, 67040030900, '32111119980408191X', '13615285691', '13511699735', '13067452513', 1, NULL, 3, NULL);
INSERT INTO `student` VALUES (2017120115, '黎永恒', 20, 1, 20181201, 67040040400, '441225199812022216', '13670202358', '13538168137', '15814634293', 4, NULL, 3, NULL);
INSERT INTO `student` VALUES (2017230141, '周宏遇', 20, 1, 20181401, 67040051200, '210122199908264852', '13218066120', '13624937666', '15040073650', 2, NULL, 3, NULL);
INSERT INTO `student` VALUES (2018040132, '张亚东', 20, 1, 20181301, 67040030900, '412727199810016133', '15239418216', '18519532203', '17052726665', 4, NULL, 3, NULL);
INSERT INTO `student` VALUES (2018090123, '章超颖', 20, 1, 20184401, 67040041600, '321283199911110613', '13151081208', '13815994683', '18914522337', 3, NULL, 3, NULL);
INSERT INTO `student` VALUES (2018110238, '林书祺', 20, 2, 20181201, 76166651402, '330381200004020920', '13151598872', '13454821775', '15067760780', 3, NULL, 3, NULL);
INSERT INTO `student` VALUES (2018120101, '辛卓', 20, 1, 20181201, 67040040700, '210204200008215332', '13134288326', '18604280188', '18604280199', 2, NULL, 3, NULL);
INSERT INTO `student` VALUES (2018120102, '金钰铭', 20, 1, 20181201, 67040040300, '210724199909275612', '13115015907', '13700068390', '18341643024', 1, NULL, 3, NULL);
INSERT INTO `student` VALUES (2018120103, '刘梦宇', 20, 1, 20181201, 76166651002, '32118320000929442X', '13115017336', '18260094186', '1824879883', 6, NULL, 3, NULL);
INSERT INTO `student` VALUES (2018120104, '翟静文', 20, 1, 20181201, 76166651002, '321324199910120444', '13115030602', '18362235063', '18261133779', 4, NULL, 3, NULL);
INSERT INTO `student` VALUES (2018120105, '丁新晨', 20, 1, 20181201, 67040040900, '360730200004215012', '13073442125', '13818085935', '18914983860', 4, NULL, 3, NULL);
INSERT INTO `student` VALUES (2018120106, '陈凯炀', 20, 2, 20181201, 76166651002, '320681200007244027', '13115035828', '13625226532', '15851220161', 2, NULL, 3, NULL);
INSERT INTO `student` VALUES (2018120108, '郑嘉勇', 20, 1, 20181201, 67040040900, '320721199811020079', '13115036685', '13675271222', '13815632777', 3, NULL, 3, NULL);
INSERT INTO `student` VALUES (2018120109, '邢颖', 20, 2, 20181201, 76166651002, '32090220000521102X', '18261221305', '15161970296', '13921810865', 3, NULL, 3, NULL);
INSERT INTO `student` VALUES (2018120110, '王杰', 20, 1, 20181201, 67040040700, '320924200002060877', '13151069422', '15251054931', '15895138908', 1, NULL, 3, NULL);
INSERT INTO `student` VALUES (2018120111, '戴景晨', 20, 1, 20181201, 67040031500, '321081200006157835', '13151052590', '16651084927', '13817284927', 4, NULL, 3, NULL);
INSERT INTO `student` VALUES (2018120112, '张伟峰', 20, 1, 20181201, 67040040400, '321088200001286931', '13151055089', '18252531970', '15295797039', 3, NULL, 3, NULL);
INSERT INTO `student` VALUES (2018120113, '顾伟', 20, 1, 20181201, 67040040200, '321088200001115913', '18251461867', '13952778385', '13585252432', 3, NULL, 3, NULL);
INSERT INTO `student` VALUES (2018120114, '韩静', 20, 2, 20181201, 76166651002, '321088200003115263', '15358529429', '15952564426', '13585251284', 3, NULL, 3, NULL);
INSERT INTO `student` VALUES (2018120115, '孙姗姗', 20, 2, 20181201, 76166651002, '341024200010108020', '13373681876', '13625212979', '13813154729', 2, NULL, 3, NULL);
INSERT INTO `student` VALUES (2018120116, '杜孟娇', 20, 2, 20181201, 76166651002, '341182199909192228', '13151057896', '15862923146', '15050881742', 1, NULL, 3, NULL);
INSERT INTO `student` VALUES (2018120117, '陈永康', 20, 1, 20181201, 67040040600, '321183200005020317', '13151058359', '13952932673', '18852840516', 2, NULL, 3, NULL);
INSERT INTO `student` VALUES (2018120118, '姜磊', 20, 1, 20181201, 67040040800, '320981200001046974', '13151058758', '17715201689', '13962097380', 1, NULL, 3, NULL);
INSERT INTO `student` VALUES (2018120119, '郝雨露', 20, 2, 20181201, 76166651002, '32128120010617852X', '13151080093', '15052826760', '13812506312', 5, NULL, 3, NULL);
INSERT INTO `student` VALUES (2018120120, '于杨', 20, 1, 20181201, 67040040600, '321282200010220056', '18952615592', '13961099062', '15252610922', 4, NULL, 3, NULL);
INSERT INTO `student` VALUES (2018120121, '李龙', 20, 1, 20181201, 67040040300, '321302200005082510', '15601596686', '13795345891', '13391284998', 4, NULL, 3, NULL);
INSERT INTO `student` VALUES (2018120122, '许华松', 20, 1, 20181201, 67040040800, '321302200012146658', '13365154119', '18905249135', '18061966819', 2, NULL, 3, NULL);
INSERT INTO `student` VALUES (2018120123, '徐羿霆', 20, 1, 20181201, 67040040800, '310107200007160912', '13764877657', '13918200463', '15900919915', 3, NULL, 3, NULL);
INSERT INTO `student` VALUES (2018120124, '袁逸华', 20, 1, 20181201, 67040050900, '341125199907264331', '17721192652', '13301977368', '1381699368', 3, NULL, 3, NULL);
INSERT INTO `student` VALUES (2018120125, '吴杰兴', 20, 1, 20181201, 67040040800, '44042119990529803X', '13112325687', '15220544330', '13422458319', 4, NULL, 3, NULL);
INSERT INTO `student` VALUES (2018120126, '李春威', 20, 1, 20181201, 67040040400, '440883199912191151', '13151088985', '15919782723', '13714071823', 1, NULL, 3, NULL);
INSERT INTO `student` VALUES (2018120127, '邓建楷', 20, 1, 20181201, 67040040900, '450322200008180013', '13151092156', '13457654322', '13557933419', 1, NULL, 3, NULL);
INSERT INTO `student` VALUES (2018120128, '林优', 20, 1, 20181201, 67040040400, '452428199909101810', '13151096212', '15878456519', '15077485820', 2, NULL, 3, NULL);
INSERT INTO `student` VALUES (2018120130, '冯朝发', 20, 1, 20181201, 67040040700, '520203199910074715', '13023402637', '15085188471', '18286855018', 4, NULL, 3, NULL);
INSERT INTO `student` VALUES (2018120131, '张济铃', 20, 1, 20181201, 67040040200, '522128199812286013', '15601592887', '15967724315', '17785249001', 2, NULL, 3, NULL);
INSERT INTO `student` VALUES (2018120132, '韩啸', 20, 1, 20181201, 67040040500, '360103200004125031', '13151581752', '13870348779', '13970356930', 2, NULL, 3, NULL);
INSERT INTO `student` VALUES (2018120133, '翁嘉辉', 20, 1, 20181201, 67040040900, '362330200003250211', '18379330734', '18879381479', '15970312821', 2, NULL, 3, NULL);
INSERT INTO `student` VALUES (2018120134, '袁畅', 20, 1, 20181201, 67040040500, '342601200003214617', '13151583712', '13855166833', '13151583712', 1, NULL, 3, NULL);
INSERT INTO `student` VALUES (2018120135, '丁徽', 20, 1, 20181201, 67040040200, '342501200010173010', '18061642219', '13966199539', '15856300288', 4, NULL, 3, NULL);
INSERT INTO `student` VALUES (2018120136, '叶浩', 20, 1, 20181201, 67040040300, '510181200101051916', '13151589315', '13438983801', '13981809655', 3, NULL, 3, NULL);
INSERT INTO `student` VALUES (2018120137, '郑凤泉', 20, 1, 20181201, 67040040600, '510521200002200715', '13151590336', '18608866318', '18608866218', 3, NULL, 3, NULL);
INSERT INTO `student` VALUES (2018120138, '赖思源', 20, 1, 20181201, 67040040200, '500382200003205737', '13151595189', '15683605905', '13368370111', 1, NULL, 3, NULL);
INSERT INTO `student` VALUES (2018120139, '钟伟', 20, 1, 20181201, 67040051000, '500228199901268079', '13151596305', '15223537110', '18184707398', 1, NULL, 3, NULL);
INSERT INTO `student` VALUES (2018120140, '郑灿', 20, 1, 20181201, 67040040700, '421127200005140530', '13160032390', NULL, NULL, 3, NULL, 3, NULL);
INSERT INTO `student` VALUES (2018120141, '邓琼涵', 20, 2, 20181201, 76166651002, '421223200104292521', '13160032669', NULL, NULL, 4, NULL, 3, NULL);
INSERT INTO `student` VALUES (2018120142, '罗道文', 20, 1, 20181201, 67040040500, '360734199811130058', '13160035535', '18250732868', '18850031378', 4, NULL, 3, NULL);
INSERT INTO `student` VALUES (2018120143, '冯俊', 20, 1, 20181201, 67040040600, '500223200007037050', '13160035767', '18706005258', '13960678722', 1, NULL, 3, NULL);
INSERT INTO `student` VALUES (2018120144, '张震浩', 20, 1, 20181201, 67040040300, '140321199812300034', '13160081710', '13935356450', '15934336731', 2, NULL, 3, NULL);
INSERT INTO `student` VALUES (2018120145, '薛荣霞', 20, 2, 20181201, 76166651002, '140623199808170547', '13160082130', '13994925396', '15386916755', 1, NULL, 3, NULL);
INSERT INTO `student` VALUES (2018120216, '李延天', 20, 1, 20181201, 67040020300, NULL, '13016991659', NULL, NULL, 1, NULL, 3, NULL);
INSERT INTO `student` VALUES (2018130101, '杨雅晴', 20, 2, 20181301, 76166651602, '210522199909120027', '13115015863', '13942477438', NULL, 1, NULL, 3, NULL);
INSERT INTO `student` VALUES (2018130102, '刘仲康', 20, 1, 20181301, 67040031300, '23028120000424233X', '15331846005', '3895951493', '18846367086', 4, NULL, 3, NULL);
INSERT INTO `student` VALUES (2018130103, '孔雨芸', 20, 2, 20181301, 76166651602, '320125200005043645', '15380958861', '17712409816', '15335164816', 4, NULL, 3, NULL);
INSERT INTO `student` VALUES (2018130104, '蒋旭', 20, 1, 20181301, 67040031400, '320321199809011833', '13225272095', '13115018796', '13952219748', 4, NULL, 3, NULL);
INSERT INTO `student` VALUES (2018130105, '邰铭鑫', 20, 2, 20181301, 76166651502, '320586200008228041', '13270978822', '13812602608', '13915598712', 6, NULL, 3, NULL);
INSERT INTO `student` VALUES (2018130106, '刘颖捷', 20, 1, 20181301, 67040031300, '320683200009163813', '15062738757', '13912422501', '15106288213', 2, NULL, 3, NULL);
INSERT INTO `student` VALUES (2018130107, '李倩', 20, 2, 20181301, 76166651602, '320621200006141222', '13115035232', '13003573785', '15996612886', 3, NULL, 3, NULL);
INSERT INTO `student` VALUES (2018130108, '缪露露', 20, 2, 20181301, 76166651602, '320682200007021161', '19825280717', '18262516076', '13228878190', 5, NULL, 3, NULL);
INSERT INTO `student` VALUES (2018130109, '尚文杰', 20, 2, 20181301, 76166651602, '320721199911025221', '18552219156', '15850414801', '13961334338', 2, NULL, 3, NULL);
INSERT INTO `student` VALUES (2018130110, '宋添悦', 20, 2, 20181301, 76166651502, '320721200006093027', '13115036892', '13815635450', '15062962929', 2, NULL, 3, NULL);
INSERT INTO `student` VALUES (2018130112, '黄大胜', 20, 1, 20181301, 67040031200, '320922200002127000', '15851119935', '15861913929', '13775075570', 1, NULL, 3, NULL);
INSERT INTO `student` VALUES (2018130113, '葛华康', 20, 1, 20181301, 67040031000, '320923199907213012', '13151051097', '13401723060', '18752248018', 4, NULL, 3, NULL);
INSERT INTO `student` VALUES (2018130114, '杨静', 20, 2, 20181301, 76166651602, '320924200008178761', '13260788710', '15295326137', '15061591160', 6, NULL, 3, NULL);
INSERT INTO `student` VALUES (2018130115, '顾雅', 20, 2, 20181301, 76166651502, '321088199912074520', '13151055702', '18952530236', '15715252296', 1, NULL, 3, NULL);
INSERT INTO `student` VALUES (2018130116, '曹艳萍', 20, 2, 20181301, 76166651202, '321084200012205222', '13151057030', '13918890728', '15949058913', 2, NULL, 3, NULL);
INSERT INTO `student` VALUES (2018130117, '戴云龙', 20, 1, 20181301, 67040031400, '321111200008224938', '13775351916', '13952848449', '15252909617', 1, NULL, 3, NULL);
INSERT INTO `student` VALUES (2018130118, '曹霞', 20, 2, 20181301, 76166651202, '321281199905247143', '13182201699', '15252678572', '15295257052', 6, NULL, 3, NULL);
INSERT INTO `student` VALUES (2018130120, '许旺麒', 20, 1, 20181301, 67040031500, '321302199902130417', '13852801774', '18936980766', '18951592196', 1, NULL, 3, NULL);
INSERT INTO `student` VALUES (2018130122, '仲海洋', 20, 1, 20181301, 67040031500, '321322199707220850', '15651595776', '15651595776', NULL, 4, NULL, 3, NULL);
INSERT INTO `student` VALUES (2018130123, '岳焘', 20, 1, 20181301, 67040031500, '321322200009121017', '13151082756', '13773921948', '13773945569', 3, NULL, 3, NULL);
INSERT INTO `student` VALUES (2018130124, '种振宇', 20, 1, 20181301, 67040031000, '321324199809282019', '18360164110', '13645247317', '15358361276', 3, NULL, 3, NULL);
INSERT INTO `student` VALUES (2018130126, '邱冠丞', 20, 1, 20181301, 67040031200, '441283199902043000', '13129720463', '13760090863', '13527094288', 2, NULL, 3, NULL);
INSERT INTO `student` VALUES (2018130127, '王琛', 20, 1, 20181301, 67040031300, '450311199909272033', '13151091915', '13768743589', '13978308542', 3, NULL, 3, NULL);
INSERT INTO `student` VALUES (2018130128, '余杭', 20, 1, 20181301, 67040031200, '522422200006014000', '13151099003', '18805827559', '15257239033', 3, NULL, 3, NULL);
INSERT INTO `student` VALUES (2018130129, '吴琼', 20, 2, 20181301, 76166651502, '522122199905110043', '15685281139', '18585241139', '18585241169', 5, NULL, 3, NULL);
INSERT INTO `student` VALUES (2018130130, '郑昕', 20, 2, 20181301, 76166651602, '142623199908134027', '13233127859', '13467119124', '13753709633', 4, NULL, 3, NULL);
INSERT INTO `student` VALUES (2018130132, '杨耐寒', 20, 2, 20181301, 76166651202, '131127200102224366', '15731867130', '13031820065', '13180298604', 3, NULL, 3, NULL);
INSERT INTO `student` VALUES (2018130133, '徐金朔', 20, 1, 20181301, 67040031300, '12022319991109601X', '13151557269', '13672052636', '15822309462', 1, NULL, 3, NULL);
INSERT INTO `student` VALUES (2018130134, '李娟', 20, 2, 20181301, 76166651502, '360732199905253945', '13151580332', '13670304491', '17770777507', 4, NULL, 3, NULL);
INSERT INTO `student` VALUES (2018130135, '刘寒宁', 20, 2, 20181301, 76166651202, '411423199905283522', '13151583295', '18616819765', '19838535239', 1, NULL, 3, NULL);
INSERT INTO `student` VALUES (2018130136, '夏环村', 20, 1, 20181301, 67040031400, '340322199805052000', '13151585965', '13955270433', '15755236218', 2, NULL, 3, NULL);
INSERT INTO `student` VALUES (2018130137, '韦阿坤', 20, 1, 20181301, 67040031100, '341221199811053775', '13295587360', '13295587360', '13295587360', 2, NULL, 3, NULL);
INSERT INTO `student` VALUES (2018130138, '刘元贤', 20, 1, 20181301, 67040031500, '513721199807211372', '18123402657', '18190122822', '18123407703', 2, NULL, 3, NULL);
INSERT INTO `student` VALUES (2018130139, '张佳豪', 20, 1, 20181301, 67040031100, '513922199904075752', '13151593796', '13540815977', '18284588841', 4, NULL, 3, NULL);
INSERT INTO `student` VALUES (2018130140, '雷晓慧', 20, 2, 20181301, 76166651502, '330825200003105929', '13160031183', '13735078292', '15924056526', 3, NULL, 3, NULL);
INSERT INTO `student` VALUES (2018130141, '龚子晗', 20, 1, 20181301, 67040031100, '420625199910203034', '13160032675', NULL, NULL, 1, NULL, 3, NULL);
INSERT INTO `student` VALUES (2018130142, '鲁正强', 20, 1, 20181301, 67040031000, '533522199910181211', '13160033562', '15012083257', '15798704670', 1, NULL, 3, NULL);
INSERT INTO `student` VALUES (2018130201, '孙杨', 20, 1, 20181302, 67040030900, '210921200011140815', '17551055114', '15041840957', '15134017559', 2, NULL, 3, NULL);
INSERT INTO `student` VALUES (2018130202, '王宇宁', 20, 1, 20181302, 67040020100, '32032419991002091X', '17327989788', '13611563724', '13770819538', 4, NULL, 3, NULL);
INSERT INTO `student` VALUES (2018130203, '丁帼君', 20, 2, 20181302, 76166651702, '320203200001041842', '13812055087', '13861828695', '15251667316', 6, NULL, 3, NULL);
INSERT INTO `student` VALUES (2018130204, '姚硕', 20, 1, 20181302, 67040020400, '32032419990320119X', '17558838971', '13956306541', '15255016921', 2, NULL, 3, NULL);
INSERT INTO `student` VALUES (2018130205, '薛磊扬', 20, 1, 20181302, 67040040100, '320582199911103316', '13115032672', '13812865366', '13706225457', 2, NULL, 3, NULL);
INSERT INTO `student` VALUES (2018130206, '严培培', 20, 2, 20181302, 76166651702, '320683200006135323', '13115033803', '18352695177', '18352695277', 5, NULL, 3, NULL);
INSERT INTO `student` VALUES (2018130207, '杨宇轩', 20, 1, 20181302, 67040031700, '320623200001285617', '13115035651', '15151329697', NULL, 4, NULL, 3, NULL);
INSERT INTO `student` VALUES (2018130208, '贺春明', 20, 1, 20181302, 67040031700, '654324200112240016', '13115036851', '15371531237', NULL, 2, NULL, 3, NULL);
INSERT INTO `student` VALUES (2018130209, '苏帅文', 20, 1, 20181302, 67040031600, '320721199909255212', '13115036860', '18751252729', '15251276526', 3, NULL, 3, NULL);
INSERT INTO `student` VALUES (2018130211, '谢影', 20, 2, 20181302, 76166651202, '320826199910121622', '13115038689', '16506701351', '13262857115', 4, NULL, 3, NULL);
INSERT INTO `student` VALUES (2018130212, '王计凤', 20, 2, 20181302, 76166651602, '320923200010234228', '18068876101', '13051051061', '15061644815', 2, NULL, 3, NULL);
INSERT INTO `student` VALUES (2018130213, '陈龙', 20, 1, 20181302, 67040031800, '320924200002236115', '15615938279', '13611535673', NULL, 2, NULL, 3, NULL);
INSERT INTO `student` VALUES (2018130214, '童子滔', 20, 1, 20181302, 67040020500, '321002199909114616', '13338840802', NULL, NULL, 4, NULL, 3, NULL);
INSERT INTO `student` VALUES (2018130215, '刘凯', 20, 1, 20181302, 67040040100, '321023200003241413', '13151056375', NULL, NULL, 4, NULL, 3, NULL);
INSERT INTO `student` VALUES (2018130216, '徐颖', 20, 2, 20181302, 76166651702, '32108420000701072X', '13151057091', '13773316994', '13773310876', 4, NULL, 3, NULL);
INSERT INTO `student` VALUES (2018130217, '王阳', 20, 1, 20181302, 67040020100, '321183200006064418', '13151058162', '13775388326', '18752949133', 3, NULL, 3, NULL);
INSERT INTO `student` VALUES (2018130218, '彭智清', 20, 1, 20181302, 67040020100, '321202199910191214', '18362070186', '13775700543', '13625177915', 1, NULL, 3, NULL);
INSERT INTO `student` VALUES (2018130219, '张申君', 20, 1, 20181302, 67040020300, '32128120001108503X', '13625193451', '18752631516', '15161080612', 3, NULL, 3, NULL);
INSERT INTO `student` VALUES (2018130220, '刘海洋', 20, 1, 20181302, 67040020100, '321302199807131454', '13151081673', '13625257798', NULL, 2, NULL, 3, NULL);
INSERT INTO `student` VALUES (2018130221, '叶莎莎', 20, 2, 20181302, 76166651702, '321322200001155044', '13151081887', '19826244899', '15665141001', 5, NULL, 3, NULL);
INSERT INTO `student` VALUES (2018130222, '吴俣', 20, 1, 20181302, 67040031600, '321322199901034816', '13151082295', '13013908889', '15240396636', 4, NULL, 3, NULL);
INSERT INTO `student` VALUES (2018130224, '何维', 20, 1, 20181302, 67040020200, '44022120000530163X', '13030115357', '13030122173', '15018163006', 4, NULL, 3, NULL);
INSERT INTO `student` VALUES (2018130225, '陈勇', 20, 1, 20181302, 67040031800, '43022319981120803x', '13151088783', '15875031364', NULL, 4, NULL, 3, NULL);
INSERT INTO `student` VALUES (2018130226, '杨颖怡', 20, 2, 20181302, 76166651702, '44188119990204042X ', '15807654708', '13539526152', NULL, 6, NULL, 3, NULL);
INSERT INTO `student` VALUES (2018130227, '周海洪', 20, 1, 20181302, 67040031700, '362201199905242832', '13151096297', '13687782926', '18907784281', 1, NULL, 3, NULL);
INSERT INTO `student` VALUES (2018130230, '巩企帅', 20, 1, 20181302, 67040020200, '142431199810287518', '18569272320', '18235499595', '15651900117', 3, NULL, 3, NULL);
INSERT INTO `student` VALUES (2018130231, '叶帅', 20, 1, 20181302, 67040040100, '13082520000614001X', '17633149020', '13932474512', '15097899543', 1, NULL, 3, NULL);
INSERT INTO `student` VALUES (2018130232, '崔鹏帅', 20, 1, 20181302, 67040040100, '120109199906083051', '13151556860', '13512480781', '13902139709', 3, NULL, 3, NULL);
INSERT INTO `student` VALUES (2018130233, '李梦翔', 20, 1, 20181302, 67040031800, '360730199904043310', '13151559986', '13576664797', NULL, 3, NULL, 3, NULL);
INSERT INTO `student` VALUES (2018130234, '李海城', 20, 1, 20181302, 67040020200, '411325200002036013', '13151582675', '15890878773', '15271072899', 1, NULL, 3, NULL);
INSERT INTO `student` VALUES (2018130235, '陈浩', 20, 1, 20181302, 67040020400, '342622199809114654', '18994090173', '18994090173', '15056233785', 3, NULL, 3, NULL);
INSERT INTO `student` VALUES (2018130236, '饶兴昌', 20, 1, 20181302, 67040020500, '340823200108253118', '13151586912', NULL, NULL, 3, NULL, 3, NULL);
INSERT INTO `student` VALUES (2018130237, '黄威', 20, 1, 20181302, 67040031700, '510812200008210017', '13151590897', '18284087086', '18383978168', 3, NULL, 3, NULL);
INSERT INTO `student` VALUES (2018130238, '郑迪', 20, 2, 20181302, 76166651702, '513822199905246749', '13151593757', '18048160552', '18048169192', 2, NULL, 3, NULL);
INSERT INTO `student` VALUES (2018130239, '齐凯', 20, 1, 20181302, 67040031100, '330781200005090711', '13160030658', '18258993353', '13858995574', 3, NULL, 3, NULL);
INSERT INTO `student` VALUES (2018130240, '尹倩', 20, 2, 20181302, 76166651702, '429004200007070326', '13160032309', NULL, NULL, 1, NULL, 3, NULL);
INSERT INTO `student` VALUES (2018130241, '高韦达', 20, 1, 20181302, 67040020300, '53032519991201157X', '17608896554', '15086582684', NULL, 4, NULL, 3, NULL);
INSERT INTO `student` VALUES (2018130242, '卢康', 20, 1, 20181302, 67040020300, '350125200003254110', '15205091685', '19895877720', '13959184589', 2, NULL, 3, NULL);
INSERT INTO `student` VALUES (2018130243, '沈虹羽', 20, 1, 20181302, 67040031600, '431202199911110813', '13160036850', '13787558279', NULL, 2, NULL, 3, NULL);
INSERT INTO `student` VALUES (2018130244, '王雪帆', 20, 2, 20181302, 76166651702, '620522199901051342', '13160038653', '15593867771', '17393864445', 3, NULL, 3, NULL);
INSERT INTO `student` VALUES (2018130245, '潘泽林', 20, 1, 20181302, 67040020200, '350321200002278319', '13160036196', '13141690588', '13160036196', 2, NULL, 3, NULL);
INSERT INTO `student` VALUES (2018140101, '苏文慧', 20, 2, 20181401, 76166651102, '210311199909202428', '13115015809', '13204220989', '15842017488', 1, NULL, 3, NULL);
INSERT INTO `student` VALUES (2018140102, '邵琪', 20, 2, 20181401, 76166651102, '320382199811207520', '19895863196', '13700133876', '15841340474', 5, NULL, 3, NULL);
INSERT INTO `student` VALUES (2018140103, '阎智明', 20, 1, 20181401, 67040050300, '210803200003132059', '15841797921', '15840750096', '13840789108', 4, NULL, 3, NULL);
INSERT INTO `student` VALUES (2018140104, '张洁', 20, 2, 20181401, 76166651002, '320111200005040825', '13115017151', '13585103550', '15850755506', 5, NULL, 3, NULL);
INSERT INTO `student` VALUES (2018140105, '常金良', 20, 1, 20181401, 67040050200, '341225199910208037', '13115018153', '13585088576', '13616188684', 2, NULL, 3, NULL);
INSERT INTO `student` VALUES (2018140106, '华昀斐', 20, 1, 20181401, 67040050300, '320283199912201516', '13771113079', '13912490671', '', 1, NULL, 3, NULL);
INSERT INTO `student` VALUES (2018140107, '马欢', 20, 1, 20181401, 67040050700, '510921199907164751', '13115018302', '18144276566', '18190181882', 3, NULL, 3, NULL);
INSERT INTO `student` VALUES (2018140108, '薛龙花', 20, 2, 20181401, 76166651102, '411325200011039021', '17315135563', '18550626300', '13961118954', 4, NULL, 3, NULL);
INSERT INTO `student` VALUES (2018140109, '秦佳雨', 20, 2, 20181401, 76166651102, '320684200005265421', '18862889638', '13862857963', '13912896412', 5, NULL, 3, NULL);
INSERT INTO `student` VALUES (2018140110, '贾文良', 20, 1, 20181401, 67040041600, '320826200006181219', '15345213356', '15298681867', '18015124356', 4, NULL, 3, NULL);
INSERT INTO `student` VALUES (2018140111, '陈永奇', 20, 1, 20181401, 67040050300, '320826200005282659', '13115038693', '13063788681', '18362476080', 2, NULL, 3, NULL);
INSERT INTO `student` VALUES (2018140113, '梁嘉伟', 20, 1, 20181401, 67040050100, '321181200005062370', '13151057862', '13852963805', '13511688220', 4, NULL, 3, NULL);
INSERT INTO `student` VALUES (2018140114, '许思琪', 20, 2, 20181401, 76166651402, '34118220000827562X', '19857146652', '15658857398', '13067998860', 5, NULL, 3, NULL);
INSERT INTO `student` VALUES (2018140115, '余心怡', 20, 2, 20181401, 76166651102, '321202200008182722', '18052612678', '18936790001', NULL, 6, NULL, 3, NULL);
INSERT INTO `student` VALUES (2018140116, '苏洋', 20, 2, 20181401, 76166651502, '440981200011022244', '13151089078', '13650009297', '15916814195', 4, NULL, 3, NULL);
INSERT INTO `student` VALUES (2018140117, '王永盛', 20, 1, 20181401, 67040041600, '441322199906304915', '13151089603', '13532195552', '18933237039', 1, NULL, 3, NULL);
INSERT INTO `student` VALUES (2018140118, '黎嘉仪', 20, 2, 20181401, 76166651002, '441827200003287223', '18926616675', '13826102808', '18926605933', 6, NULL, 3, NULL);
INSERT INTO `student` VALUES (2018140120, '韦菊玲', 20, 2, 20181401, 76166651102, '450821199909172825', '18269534024', '13702528438', '15907614273', 3, NULL, 3, NULL);
INSERT INTO `student` VALUES (2018140122, '张灵玲', 20, 2, 20181401, 76166651502, '451322199911192526', '13151096356', '13407831022', '13407832775', 5, NULL, 3, NULL);
INSERT INTO `student` VALUES (2018140123, '冉杰', 20, 1, 20181401, 67040050100, '522228199808144018', '13151550887', '13151550887', '15985632179', 1, NULL, 3, NULL);
INSERT INTO `student` VALUES (2018140124, '王安旭', 20, 2, 20181401, 76166651102, '522121199910050245', '15186614030', '13151097358', '15085438647', 2, NULL, 3, NULL);
INSERT INTO `student` VALUES (2018140125, '戴坤', 20, 1, 20181401, 67040050300, '360430199912042311', '13151558503', '13879245231', '13767241190', 3, NULL, 3, NULL);
INSERT INTO `student` VALUES (2018140127, '胡宏涛', 20, 1, 20181401, 67040050400, '362204199902112417', '13151581386', '13576196251', '13576187168', 1, NULL, 3, NULL);
INSERT INTO `student` VALUES (2018140128, '王梓任', 20, 1, 20181401, 67040050800, '330881199811135515', '18767007414', '13906704883', NULL, 3, NULL, 3, NULL);
INSERT INTO `student` VALUES (2018140129, '伍志巍', 20, 1, 20181401, 67040050200, '342623199901025319', '13155835850', '15556927476', '13053138337', 4, NULL, 3, NULL);
INSERT INTO `student` VALUES (2018140130, '高义景', 20, 1, 20181401, 67040050200, '342625200010041276', '13151586827', '18315565159', '15715558994', 1, NULL, 3, NULL);
INSERT INTO `student` VALUES (2018140131, '赵敏', 20, 2, 20181401, 76166651502, '341182199906213222', '13151587895', '18365032654', '18355043353', 1, NULL, 3, NULL);
INSERT INTO `student` VALUES (2018140132, '杨丽君', 20, 2, 20181401, 76166651102, '510321199711301440', '13151590265', '13340800397', NULL, 3, NULL, 3, NULL);
INSERT INTO `student` VALUES (2018140133, '王晨', 20, 1, 20181401, 67040050700, '510823200008160530', '13151590906', '15082841427', '13544276754', 1, NULL, 3, NULL);
INSERT INTO `student` VALUES (2018140134, '刘明龙', 20, 1, 20181401, 67040050700, '511011200002037816', '15651938806', '13684415901', '15157280382', 2, NULL, 3, NULL);
INSERT INTO `student` VALUES (2018140135, '潘时祥', 20, 1, 20181401, 67040050200, '330381199912101819', '13151598905', '13868342473', '15158499839', 3, NULL, 3, NULL);
INSERT INTO `student` VALUES (2018140136, '董建方', 20, 1, 20181401, 67040050100, '33062119991228001X', '18357565478', '15088542613', '15958554986', 2, NULL, 3, NULL);
INSERT INTO `student` VALUES (2018140137, '白娜', 20, 2, 20181401, 76166651102, '140303200004262028', '13160080695', '13994497693', '13835316384', 4, NULL, 3, NULL);
INSERT INTO `student` VALUES (2018140138, '王志娜', 20, 2, 20184401, 76166651102, '140603199810220528', '13160083103', '15110802693', '13613490915', 1, NULL, 3, NULL);
INSERT INTO `student` VALUES (2018140139, '张强', 20, 1, 20181401, 67040050100, '14222219990624091X', '15601597220', '18235081494', '18235080317', 3, NULL, 3, NULL);
INSERT INTO `student` VALUES (2018140140, '杨春晖', 20, 1, 20181401, 67040050400, '520121200009152410', '15286053148', '18785088639', '15902603088', 3, NULL, 3, NULL);
INSERT INTO `student` VALUES (2018150111, '汪霄鹏', 20, 1, 20184401, 67040050800, '431121200007317313', '13817509822', NULL, NULL, 2, NULL, 3, NULL);
INSERT INTO `student` VALUES (2018200117, '陈广生', 20, 1, 20184401, 67040050800, '440514199906184634', '13151088135', '13502937148', NULL, 4, NULL, 3, NULL);
INSERT INTO `student` VALUES (2018210222, '胡冰倩', 20, 2, 20181401, 76166651402, '32102719991220242X', '13151053586', '13511763919', '13952793843', 6, NULL, 3, NULL);
INSERT INTO `student` VALUES (2018320135, '林绅洋', 20, 1, 20181301, 67040030900, '330304199906245000', '13151598573', '13706662872', '15968766026', 3, NULL, 3, NULL);
INSERT INTO `student` VALUES (2018330119, '张颖慧', 20, 2, 20181201, 76166651402, '321281200101122105', '13151080318', '13951146986', '18361838086', 4, NULL, 3, NULL);
INSERT INTO `student` VALUES (2018370101, '尹博文', 20, 1, 20183701, 67040051300, '230221199612300917', '13115013968', '13153409181', '13863038595', 4, NULL, 3, NULL);
INSERT INTO `student` VALUES (2018370103, '黄俊豪', 20, 1, 20183701, 67040051700, '341225199903115115', '13115016515', '13813884707', '15305164879', 1, NULL, 3, NULL);
INSERT INTO `student` VALUES (2018370104, '鞠中一', 20, 1, 20183701, 67040031600, '320106199909091610', '13115016807', '13912947898', '83378009', 1, NULL, 3, NULL);
INSERT INTO `student` VALUES (2018370105, '冯诗婷', 20, 2, 20183701, 76166651502, '320107199911083413', '13115018723', '13913941419', '13770598661', 2, NULL, 3, NULL);
INSERT INTO `student` VALUES (2018370106, '陈泓霖', 20, 1, 20183701, 67040051300, '320382199911191925', '13705207766', '13852082938', '15722406866', 3, NULL, 3, NULL);
INSERT INTO `student` VALUES (2018370107, '张骜', 20, 1, 20183701, 67040051500, '320303199803024016', '15601591816', '13372229882', '18952207768', 3, NULL, 3, NULL);
INSERT INTO `student` VALUES (2018370108, '戈剑', 20, 1, 20183701, 67040051800, '342426200002211218', '13115030651', '13057104529', '18661190872', 4, NULL, 3, NULL);
INSERT INTO `student` VALUES (2018370109, '王琳', 20, 2, 20183701, 76166651402, '32062119991122652X', '18036196792', '13584713915', '13584700973', 1, NULL, 3, NULL);
INSERT INTO `student` VALUES (2018370110, '沈姝靓', 20, 2, 20183701, 76166651402, '320684200001054926', '13115036285', '13861960779', '13862882643', 3, NULL, 3, NULL);
INSERT INTO `student` VALUES (2018370111, '高越', 20, 1, 20183701, 67040051400, '320928199911200013', '13115039606', '13961993431', '18626164773', 1, NULL, 3, NULL);
INSERT INTO `student` VALUES (2018370112, '成亚', 20, 1, 20183701, 67040051700, '320928199911112814', '13151050039', '15251134883', '15295376841', 3, NULL, 3, NULL);
INSERT INTO `student` VALUES (2018370113, '田欣', 20, 2, 20183701, 76166651402, '321027200001026029', '13151053626', '15195593368', '13615818378', 5, NULL, 3, NULL);
INSERT INTO `student` VALUES (2018370114, '王宇飞', 20, 1, 20183701, 67040051800, '321088200004146117', '13151055717', '13705250783', '13276544498', 3, NULL, 3, NULL);
INSERT INTO `student` VALUES (2018370115, '张宇航', 20, 1, 20183701, 67040051800, '321088200002030874', '18705256301', '13951042531', '13915001963', 2, NULL, 3, NULL);
INSERT INTO `student` VALUES (2018370116, '戴瑞雯', 20, 2, 20183701, 76166651402, '321023199912202424', '13151056232', '18139999929', '18194229285', 2, NULL, 3, NULL);
INSERT INTO `student` VALUES (2018370117, '刘甜', 20, 2, 20183701, 76166651402, '321023200001013222', '13151056390', '15995107051', '13382038230', 1, NULL, 3, NULL);
INSERT INTO `student` VALUES (2018370118, '王太胜', 20, 1, 20183701, 67040051500, '321084199912074816', '15252512511', '18796663649', '18651049002', 4, NULL, 3, NULL);
INSERT INTO `student` VALUES (2018370121, '周开心', 20, 2, 20183701, 76166651502, '320722200010088120', '13151081891', '18362812523', '13151081226', 3, NULL, 3, NULL);
INSERT INTO `student` VALUES (2018370122, '赵余婷', 20, 2, 20183701, 76166651402, '32132420010216222X', '13151085215', '13056106052', '18762176262', 4, NULL, 3, NULL);
INSERT INTO `student` VALUES (2018370123, '袁瑞鸿', 20, 1, 20183701, 67040051300, '310108200003091012', '13248261735', '13621861080', '13901791458', 1, NULL, 1, NULL);
INSERT INTO `student` VALUES (2018370124, '徐俊杰', 20, 1, 20183701, 67040051700, '310225200005303818', '13151086798', '18221309340', '18016002958', 2, NULL, 3, NULL);
INSERT INTO `student` VALUES (2018370125, '刘新', 20, 1, 20183701, 67040051700, '430223200005219530', '13151087898', '13620877230', '15817896768', 4, NULL, 3, NULL);
INSERT INTO `student` VALUES (2018370126, '吴展雄', 20, 1, 20183701, 67040051600, '450421199807069530', '13151088293', '13411492797', '15089153312', 1, NULL, 3, NULL);
INSERT INTO `student` VALUES (2018370128, '覃翠柳', 20, 2, 20183701, 76166651702, '450127200005284520', '13151091595', '15878789317', '15994360342', 3, NULL, 3, NULL);
INSERT INTO `student` VALUES (2018370130, '莫双铭', 20, 1, 20183701, 67040051600, '450902199904256233', '13151093968', '13977589489', '13557758871', 4, NULL, 3, NULL);
INSERT INTO `student` VALUES (2018370131, '巫军贵', 20, 1, 20183701, 67040051500, '522731199906180018', '13151552576', '18984316709', '13510170596', 1, NULL, 3, NULL);
INSERT INTO `student` VALUES (2018370132, '孙明华', 20, 2, 20183701, 76166651402, '130282200012173322', '13151556573', '15733399939', '19131812639', 2, NULL, 3, NULL);
INSERT INTO `student` VALUES (2018370133, '冯熙雅', 20, 2, 20183701, 76166651402, '120222199910021220', '13151556936', '13920314257', '15902239371', 6, NULL, 3, NULL);
INSERT INTO `student` VALUES (2018370134, '冯玉龙', 20, 1, 20183701, 67040051800, '411526200001141011', '13151582571', '17630900593', NULL, 1, NULL, 3, NULL);
INSERT INTO `student` VALUES (2018370135, '尚要旭', 20, 1, 20183701, 67040051600, '41108120000309835X', '13151583229', '13253708633', '15038958717', 2, NULL, 3, NULL);
INSERT INTO `student` VALUES (2018370136, '刘宇兵', 20, 1, 20183701, 67040051500, '342401199912298575', '15556408289', '13962347296', '17625903225', 2, NULL, 3, NULL);
INSERT INTO `student` VALUES (2018370137, '李炎卿', 20, 1, 20183701, 67040051400, '341602200002028973', '18095676567', '18133388807', '15955677899', 3, NULL, 3, NULL);
INSERT INTO `student` VALUES (2018370140, '杨才茂', 20, 1, 20183701, 67040051400, '511324199705014373', '13151592160', '13890750971', NULL, 2, NULL, 3, NULL);
INSERT INTO `student` VALUES (2018370141, '谢炜程', 20, 1, 20183701, 67040051400, '360726199912296014', '18974943910', '13316361978', '13319569326', 4, NULL, 3, NULL);
INSERT INTO `student` VALUES (2018370142, '刘斌', 20, 1, 20183701, 67040051300, '43042119990923383x', '17674770923', '17674770923', '15173426805', 2, NULL, 3, NULL);
INSERT INTO `student` VALUES (2018370144, '江俊杰', 20, 1, 20183701, 67040051600, '14273320000808331X', '18635907801', '18635907275', '15035979761', 3, NULL, 3, NULL);
INSERT INTO `student` VALUES (2018420101, '张玲', 20, 2, 20184201, 76166650902, '342401200010066308', '18061973569', '13376218039', '18018385069', 1, NULL, 3, NULL);
INSERT INTO `student` VALUES (2018420102, '翟恒', 20, 1, 20184201, 67040051000, '320382199912132556', '19825070968', '15852108553', '13092307860', 3, NULL, 3, NULL);
INSERT INTO `student` VALUES (2018420103, '孙佳佳', 20, 2, 20184201, 76166651602, '321322199804575861', '13115030986', '15061919319', '18851223769', 3, NULL, 3, NULL);
INSERT INTO `student` VALUES (2018420104, '朱健', 20, 1, 20184201, 76166651102, '320522199909073211', '13115033126', '13809056453', '18862410831', 1, NULL, 3, NULL);
INSERT INTO `student` VALUES (2018420105, '张宇', 20, 1, 20184201, 67040050500, '320621199911232014', '18706271721', '15262898435', NULL, 4, NULL, 3, NULL);
INSERT INTO `student` VALUES (2018420106, '张倩', 20, 2, 20184201, 76166650902, '320882199910145641', '13115038176', '18662994288', '13196982377', 5, NULL, 3, NULL);
INSERT INTO `student` VALUES (2018420108, '李俊锋', 20, 1, 20184501, 67040030800, '320923200011222413', '13151051295', '15371130628', '18012578498', 2, NULL, 3, NULL);
INSERT INTO `student` VALUES (2018420109, '施纪', 20, 1, 20184201, 67040051200, '320981200012060712', '13151052319', '13182121165', '13046569909', 3, NULL, 3, NULL);
INSERT INTO `student` VALUES (2018420110, '周玲', 20, 2, 20184201, 76166650902, '321088199912036946', '13151055263', '15189869173', '15952575723', 6, NULL, 3, NULL);
INSERT INTO `student` VALUES (2018420111, '赵永倩', 20, 2, 20184201, 76166650902, '321023199912272844', '13390624586', '13056378488', '15366915486', 2, NULL, 3, NULL);
INSERT INTO `student` VALUES (2018420112, '刘驰骋', 20, 1, 20184201, 67040050900, '320928200001196612', '15651938575', '13961991045', '13961991476', 1, NULL, 3, NULL);
INSERT INTO `student` VALUES (2018420113, '芮紫郡', 20, 2, 20184201, 76166651602, '321283200006119023', '17821316401', '18018527189', '185264021605', 1, NULL, 3, NULL);
INSERT INTO `student` VALUES (2018420114, '施如清', 20, 1, 20184201, 67040050500, '321322199906226817', '13151082670', '15150360848', NULL, 1, NULL, 3, NULL);
INSERT INTO `student` VALUES (2018420115, '王乃强', 20, 1, 20184201, 67040050600, '321324200006010613', '15651937838', '15951092427', '18251097764', 1, NULL, 3, NULL);
INSERT INTO `student` VALUES (2018420116, '陈泳好', 20, 2, 20184201, 76166651602, '441781200004274427', '13726167458', '13725972513', '18823087296', 4, NULL, 3, NULL);
INSERT INTO `student` VALUES (2018420117, '麦振敬', 20, 1, 20184201, 67040051100, '440882200102217216', '13151088907', '18312152543', '13151088907', 3, NULL, 3, NULL);
INSERT INTO `student` VALUES (2018420118, '邓伟业', 20, 1, 20184201, 67040050600, '441224199904071414', '15651937561', '13929812470', '18318477689', 4, NULL, 3, NULL);
INSERT INTO `student` VALUES (2018420119, '蔡泽鑫', 20, 1, 20184201, 67040050800, '445202200003020311', '15625656880', '13682700083', NULL, 1, NULL, 3, NULL);
INSERT INTO `student` VALUES (2018420120, '吴旭', 20, 1, 20184201, 67040050600, '431124200104050656', '15651938059', '13633045752', '15007726072', 3, NULL, 3, NULL);
INSERT INTO `student` VALUES (2018420121, '胡明扬', 20, 1, 20184201, 67040051000, '450821200008042535', '13151093731', '15077561359', '17687491009', 2, NULL, 3, NULL);
INSERT INTO `student` VALUES (2018420122, '夏卓婷', 20, 2, 20184201, 76166650902, '450921199901054424', '13151095302', '19914961169', '18934865169', 3, NULL, 3, NULL);
INSERT INTO `student` VALUES (2018420124, '覃岐君', 20, 1, 20184201, 67040050600, '452224200003051510', '13151096802', '13928690278', '18666590629', 2, NULL, 3, NULL);
INSERT INTO `student` VALUES (2018420125, '何先文', 20, 1, 20184201, 67040051000, '452128199907250015', '18775928321', '18978108131', '15977455875', 4, NULL, 3, NULL);
INSERT INTO `student` VALUES (2018420126, '侯涛', 20, 1, 20184201, 67040050900, '522228199409203017', '13115023107', '15052969942', NULL, 2, NULL, 3, NULL);
INSERT INTO `student` VALUES (2018420127, '余熊峰', 20, 1, 20184501, 67040041700, '360423199911281018', '13151558239', '13576236561', '13970245616', 1, NULL, 3, NULL);
INSERT INTO `student` VALUES (2018420128, '王芷茜', 20, 2, 20184201, 76166652602, '360481199910160023', '18970219892', '13576201190', '18970219892', 3, NULL, 3, NULL);
INSERT INTO `student` VALUES (2018420129, '邓永成', 20, 1, 20184201, 67040051100, '360730199801240039', '15601596062', '13055803025', '15297862748', 2, NULL, 3, NULL);
INSERT INTO `student` VALUES (2018420130, '王志翔', 20, 1, 20184201, 67040030800, '360733199909292710', '18565691296', '18396182596', '17512043423', 1, NULL, 3, NULL);
INSERT INTO `student` VALUES (2018420131, '金振洋', 20, 1, 20184201, 67040050500, '411522200105013617', '13151582530', '13462091501', '15188268650', 2, NULL, 3, NULL);
INSERT INTO `student` VALUES (2018420132, '王蕊', 20, 2, 20184201, 76166650902, '411325200110061347', '13151582593', '13783772719', '15237705610', 4, NULL, 3, NULL);
INSERT INTO `student` VALUES (2018420133, '熊晶晶', 20, 2, 20184201, 76166652602, '341124199909164020', '13151586571', '13625656587', '15256233918', 4, NULL, 3, NULL);
INSERT INTO `student` VALUES (2018420134, '李刚', 20, 1, 20184201, 67040041700, '340521199909182036', '18110309545', '18955595349', '13983839300', 2, NULL, 3, NULL);
INSERT INTO `student` VALUES (2018420136, '谢宇航', 20, 1, 20184201, 67040030800, '513823200006154834', '13350890050', '25388106626', NULL, 4, NULL, 3, NULL);
INSERT INTO `student` VALUES (2018420138, '高天赐', 20, 1, 20184201, 67040051200, '513127199808202019', '13151593502', '15008305752', '13518341872', 1, NULL, 3, NULL);
INSERT INTO `student` VALUES (2018420140, '何欣恬', 20, 2, 20184201, 76166651502, '450203199812310368', '15177741167', '15177741167', '1517741167', 6, NULL, 3, NULL);
INSERT INTO `student` VALUES (2018420143, '巩鹏伟', 20, 1, 20184201, 67040050700, '622825199710073319', '18136965411', '18013185702', '18215448643', 4, NULL, 3, NULL);
INSERT INTO `student` VALUES (2018420145, '陈展雄', 20, 1, 20184201, 67040050500, '520103200004106711', '15180707662', '13985170263', '13985044778', 3, NULL, 3, NULL);
INSERT INTO `student` VALUES (2018440101, '郑品源', 20, 1, 20184401, 67040041200, '320122200001052836', '18913016938', '18913016938', '13852280041', 2, NULL, 3, NULL);
INSERT INTO `student` VALUES (2018440102, '陈豪', 20, 1, 20184401, 67040051100, '340121199904303773', '17714522579', '13813083609', '18921446076', 4, NULL, 3, NULL);
INSERT INTO `student` VALUES (2018440103, '宫成龙', 20, 1, 20184401, 67040041100, '320121200002122115', '13115017510', '13585124864', '18205082387', 4, NULL, 3, NULL);
INSERT INTO `student` VALUES (2018440104, '杨澄旻', 20, 2, 20184401, 76166651202, '320281199910131021', '13115018556', '18961674855', '15365260610', 2, NULL, 3, NULL);
INSERT INTO `student` VALUES (2018440105, '张昊', 20, 1, 20184401, 67040041200, '320321200011241619', '15862190450', '15262090476', '15162193259', 4, NULL, 3, NULL);
INSERT INTO `student` VALUES (2018440106, '王贤', 20, 2, 20184401, 76166651302, '320321200004014223', '13115019126', '13564180888', NULL, 5, NULL, 3, NULL);
INSERT INTO `student` VALUES (2018440107, '徐畅', 20, 1, 20184401, 67040041800, '340602200010252819', '13115019916', '15952297895', '15952297895', 1, NULL, 3, NULL);
INSERT INTO `student` VALUES (2018440108, '丁伟', 20, 1, 20184401, 67040041400, '341522199912205398', '18351257179', '13656223229', '15995486691', 4, NULL, 3, NULL);
INSERT INTO `student` VALUES (2018440109, '花添艳', 20, 2, 20184401, 76166651602, '32062320000201646X', '18051621657', '18051621657', NULL, 6, NULL, 3, NULL);
INSERT INTO `student` VALUES (2018440110, '杨成', 20, 1, 20184401, 67040041200, '320684199910110010', '18021383770', '18921643333', '17766467090', 1, NULL, 3, NULL);
INSERT INTO `student` VALUES (2018440111, '张志伟', 20, 1, 20184401, 67040041100, '320721200003160036', '13115036759', '13961315700', '15052009117', 2, NULL, 3, NULL);
INSERT INTO `student` VALUES (2018440112, '庄壮', 20, 1, 20184401, 67040041400, '320821199910060151', '13115038535', '15195409850', '18702148184', 1, NULL, 3, NULL);
INSERT INTO `student` VALUES (2018440113, '陆浩楠', 20, 1, 20184401, 67040041200, '320922199911025034', '13151050869', '13851116269', '13818284888', 3, NULL, 3, NULL);
INSERT INTO `student` VALUES (2018440114, '仇杰', 20, 1, 20184401, 67040041500, '32092420000111903X', '13151051969', '1586206882', '15251132221', 3, NULL, 3, NULL);
INSERT INTO `student` VALUES (2018440115, '王涛', 20, 1, 20184401, 67040041000, '321003200008243000', '13151053271', '13004325970', '13921907477', 4, NULL, 3, NULL);
INSERT INTO `student` VALUES (2018440116, '何君诚', 20, 1, 20184401, 67040041300, '32108819990911339X', '13852198141', '18136632862', '13776432113', 4, NULL, 3, NULL);
INSERT INTO `student` VALUES (2018440117, '沈彩甜', 20, 2, 20184401, 76166651302, '321088200002210322', '15952576763', '15050711268', '13952765715', 2, NULL, 3, NULL);
INSERT INTO `student` VALUES (2018440118, '童琦', 20, 2, 20184401, 76166651202, '321088200003113401', '17715853634', '17712351626', '17712359908', 3, NULL, 3, NULL);
INSERT INTO `student` VALUES (2018440119, '张轩铭', 20, 1, 20184401, 67040041100, '32108819990321611X', '13151055890', '13931587145', '13292447750', 1, NULL, 3, NULL);
INSERT INTO `student` VALUES (2018440120, '周子昂', 20, 1, 20184401, 67040041400, '321323199901262110', '13151083301', '18262908341', '18360207135', 2, NULL, 3, NULL);
INSERT INTO `student` VALUES (2018440121, '方炎', 20, 2, 20184401, 76166651202, '321323199907252124', '13151083612', '13063793315', '13151623906', 6, NULL, 3, NULL);
INSERT INTO `student` VALUES (2018440122, '田季颖', 20, 2, 20184401, 76166651302, '32132320001013126X', '13182922971', '15505209231', '15651192049', 6, NULL, 3, NULL);
INSERT INTO `student` VALUES (2018440123, '云亮', 20, 1, 20184401, 67040041700, '321323200008110013', '13151083689', NULL, NULL, 4, NULL, 3, NULL);
INSERT INTO `student` VALUES (2018440124, '朱志豪', 20, 1, 20184401, 67040041100, '321324200005191616', '13151085298', '15996484705', '15996481462', 3, NULL, 3, NULL);
INSERT INTO `student` VALUES (2018440125, '高冉琪', 20, 2, 20184401, 76166651702, '321324199911275245', '18936983097', '18851399283', '13182922331', 1, NULL, 3, NULL);
INSERT INTO `student` VALUES (2018440126, '范张滔', 20, 1, 20184401, 67040041000, '310230200004243519', '13151086131', '13601755547', '13918093372', 1, NULL, 3, NULL);
INSERT INTO `student` VALUES (2018440127, '程昊', 20, 1, 20184401, 67040041300, '310117200005034819', '13151086652', '13524838132', '15801729383', 3, NULL, 3, NULL);
INSERT INTO `student` VALUES (2018440128, '林旭杰', 20, 1, 20184401, 67040041500, '310226200002240512', '13151087021', '13764081105', '13761402333', 2, NULL, 3, NULL);
INSERT INTO `student` VALUES (2018440130, '廖锦雄', 20, 1, 20184401, 67040041600, '441283199903242779', '14737676370', '15322080188', '13760088253', 2, NULL, 3, NULL);
INSERT INTO `student` VALUES (2018440131, '汪迪', 20, 1, 20184401, 67040041800, '340823199902012519', '13151091689', '18648898892', '13557421977', 2, NULL, 3, NULL);
INSERT INTO `student` VALUES (2018440132, '陈家辉', 20, 1, 20184401, 67040041300, '450205200002110434', '16601592390', '13087726335', NULL, 1, NULL, 3, NULL);
INSERT INTO `student` VALUES (2018440133, '罗金权', 20, 1, 20184401, 67040041000, '522728199810102439', '13151552628', '15867036061', '18375015244', 3, NULL, 3, NULL);
INSERT INTO `student` VALUES (2018440134, '张耀鹏', 20, 1, 20184401, 67040041400, '142603199906078000', '18061642195', '18061642195', '13834896696', 3, NULL, 3, NULL);
INSERT INTO `student` VALUES (2018440135, '郜亚杰', 20, 1, 20184401, 67040041500, '140430200003228017', '13160082752', '13734260979', '15210813582', 4, NULL, 3, NULL);
INSERT INTO `student` VALUES (2018440136, '封兴平', 20, 2, 20184401, 76166651102, '522132199911157924', '13151550068', '19112097762', '18323832551', 2, NULL, 3, NULL);
INSERT INTO `student` VALUES (2018440137, '丛宇', 20, 1, 20184401, 67040041300, '230125199910221619', '13160039703', '18245905777', '13836845100', 2, NULL, 3, NULL);
INSERT INTO `student` VALUES (2018440139, '杨韩', 20, 1, 20184401, 67040041000, '36220220001125537X', '13151581078', '15101943699', '13893897079', 2, NULL, 3, NULL);
INSERT INTO `student` VALUES (2018440140, '王瑞杰', 20, 1, 20184401, 67040041500, '342623200009265499', '13151585521', '15068265266', '13736737730', 1, NULL, 3, NULL);
INSERT INTO `student` VALUES (2018440141, '潘书涛', 20, 1, 20184401, 67040041800, '341102200008090615', '18061642192', '13721008330', '15605503363', 3, NULL, 3, NULL);
INSERT INTO `student` VALUES (2018440142, '庄雨婷', 20, 2, 20184401, 76166651202, '510724199906300828', '13151590617', '13567821941', '15857464339', 5, NULL, 3, NULL);
INSERT INTO `student` VALUES (2018440143, '陈文胜', 20, 1, 20184401, 67040041700, '513721199712207039', '15520708421', '15982751804', '15982751804', 3, NULL, 3, NULL);
INSERT INTO `student` VALUES (2018440144, '上官梓菲', 20, 2, 20184401, 76166651602, '331082199911056965', '13160031659', '13586115971', '13666863201', 5, NULL, 3, NULL);
INSERT INTO `student` VALUES (2018440145, '林婧怡', 20, 2, 20184401, 76166651202, '331081200006226329', '17606546442', '15867680847', NULL, 1, NULL, 3, NULL);
INSERT INTO `student` VALUES (2018440146, '祁湛雯', 20, 2, 20184401, 76166651202, '230128200002104040', '13160039283', '18851039552', '16651115834', 4, NULL, 3, NULL);
INSERT INTO `student` VALUES (2018450101, '洪礼杰', 20, 1, 20184501, 67040030500, '342625200009162118', '13115016213', '15062229342', '13645151940', 1, NULL, 3, NULL);
INSERT INTO `student` VALUES (2018450102, '邹运杰', 20, 1, 20184501, 67040030100, '320201200003223014', '18352502057', '13771055363', '13812028693', 3, NULL, 3, NULL);
INSERT INTO `student` VALUES (2018450103, '吴辰', 20, 1, 20184501, 67040030200, '320211200003066517', '13115018221', '18068285718', '15961821211', 1, NULL, 3, NULL);
INSERT INTO `student` VALUES (2018450105, '高志远', 20, 1, 20184501, 67040041800, '320584199810170037', '17368483119', '13771621636', '18913735376', 4, NULL, 3, NULL);
INSERT INTO `student` VALUES (2018450106, '许伊诺', 20, 2, 20184501, 76166651702, '320582200007209126', '13115032527', '13951133995', '18452399531', 2, NULL, 3, NULL);
INSERT INTO `student` VALUES (2018450107, '唐晗', 20, 2, 20184501, 76166651302, '320882200008121229', '15050204711', '13506264111', '18915757770', 2, NULL, 3, NULL);
INSERT INTO `student` VALUES (2018450108, '支蓉蓉', 20, 2, 20184501, 76166651302, '320623200010070781', '13115035387', '15950848589', '13222010296', 6, NULL, 3, NULL);
INSERT INTO `student` VALUES (2018450109, '顾慧洁', 20, 2, 20184501, 76166651302, '32068419991125696X', '18936183548', '18936183549', '13857451251', 3, NULL, 3, NULL);
INSERT INTO `student` VALUES (2018450110, '李牧晓', 20, 2, 20184501, 76166651302, '320684200007201368', '13115036227', '13862841306', '15206289636', 1, NULL, 3, NULL);
INSERT INTO `student` VALUES (2018450112, '陆昊岩', 20, 1, 20184501, 67040030100, '32072120000417101X', '13115036835', '18912176088', '18912177988', 1, NULL, 3, NULL);
INSERT INTO `student` VALUES (2018450113, '董仅', 20, 1, 20184501, 67040030500, '320821199902174511', '15601596995', '13816735760', '13816735760', 3, NULL, 3, NULL);
INSERT INTO `student` VALUES (2018450114, '施靖宇', 20, 1, 20184501, 67040030200, '320981200002215995', '18861966295', '13851026866', '13813237012', 4, NULL, 3, NULL);
INSERT INTO `student` VALUES (2018450115, '彭明珠', 20, 2, 20184501, 76166651302, '321088200006106944', '15205256542', '13795386941', '13818754336', 3, NULL, 3, NULL);
INSERT INTO `student` VALUES (2018450116, '王宸昕', 20, 1, 20184501, 67040030100, '321088199912037930', '18101443670', '15949065310', '15949072541', 2, NULL, 3, NULL);
INSERT INTO `student` VALUES (2018450117, '黄涛', 20, 1, 20184501, 67040030700, '321088200008232557', '13813161560', '15252563542', '18351046375', 3, NULL, 3, NULL);
INSERT INTO `student` VALUES (2018450118, '袁曾家希', 20, 1, 20184501, 67040030800, '321084199912300019', '15601592260', '13952558200', '13662314172', 3, NULL, 3, NULL);
INSERT INTO `student` VALUES (2018450119, '李一凡', 20, 1, 20184501, 67040030300, '321183200008024137', '17798549585', '13813976592', '13852976965', 4, NULL, 3, NULL);
INSERT INTO `student` VALUES (2018450120, '朱新宇', 20, 1, 20184501, 67040030200, '321183199811210013', '13151058167', '18805299989', '13505294958', 3, NULL, 3, NULL);
INSERT INTO `student` VALUES (2018450121, '陈奇秀', 20, 2, 20184501, 76166651302, '321281200006187621', '18752665531', '13775774000', '138526464110', 4, NULL, 3, NULL);
INSERT INTO `student` VALUES (2018450122, '帅徐康', 20, 1, 20184501, 67040030400, '321202199910042411', '18552681004', '15189994995', '18552681004', 1, NULL, 3, NULL);
INSERT INTO `student` VALUES (2018450123, '何幸炜', 20, 1, 20184501, 67040030700, '321283200008061419', '13142894030', '15190621620', '18952694785', 2, NULL, 3, NULL);
INSERT INTO `student` VALUES (2018450124, '刘帅', 20, 1, 20184501, 67040030400, '321322200104010219', '13151082605', '13485072282', '15851181037', 4, NULL, 3, NULL);
INSERT INTO `student` VALUES (2018450125, '单康', 20, 1, 20184501, 67040030300, '321322199906302410', '13151082910', '13515176663', '17602557592', 3, NULL, 3, NULL);
INSERT INTO `student` VALUES (2018450126, '陈梓豪', 20, 1, 20184501, 67040030500, '44058220000813301X', '13151087395', NULL, NULL, 4, NULL, 3, NULL);
INSERT INTO `student` VALUES (2018450127, '高文辉', 20, 1, 20184501, 67040030600, '441283200002081053', '13070266581', '13711347679', '13929852532', 1, NULL, 3, NULL);
INSERT INTO `student` VALUES (2018450128, '黄嘉煌', 20, 1, 20184501, 67040030200, '440182200004293911', '13662406251', '13580398965', '13288602530', 2, NULL, 3, NULL);
INSERT INTO `student` VALUES (2018450130, '谢志双', 20, 1, 20184501, 67040030100, '441623199802110633', '15360273860', '13825395362', '15768819836', 4, NULL, 3, NULL);
INSERT INTO `student` VALUES (2018450131, '谢妍', 20, 2, 20184501, 76166651302, '452122199908090027', '15601590887', '13737014424', '15077165078', 5, NULL, 3, NULL);
INSERT INTO `student` VALUES (2018450132, '白远辉', 20, 1, 20184501, 67040030300, '45240220000429121X', '18276405899', '15807742986', '18276405899', 1, NULL, 3, NULL);
INSERT INTO `student` VALUES (2018450133, '黄雨薇', 20, 2, 20184501, 76166651302, '450923200107283025', '18776616664', '18269291688', '13768794588', 4, NULL, 3, NULL);
INSERT INTO `student` VALUES (2018450134, '林业发', 20, 1, 20184501, 67040030700, '450924199907033631', '13151095762', '13590481425', '18820254283', 4, NULL, 3, NULL);
INSERT INTO `student` VALUES (2018450136, '陈杰', 20, 1, 20184501, 67040030700, '362502200008124017', '15815123569', '15916603812', '13829456339', 1, NULL, 3, NULL);
INSERT INTO `student` VALUES (2018450138, '章明海', 20, 1, 20184501, 67040030600, '340223199903304617', '13151585380', '13665531979', '13564826780', 3, NULL, 3, NULL);
INSERT INTO `student` VALUES (2018450139, '宋洋', 20, 1, 20184501, 67040030400, '340826200006100355', '15855551765', '15255674406', '15922345394', 2, NULL, 3, NULL);
INSERT INTO `student` VALUES (2018450140, '焦有', 20, 1, 20184501, 67040030300, '341122200001072276', '15385508781', '15385021015', '15385080982', 2, NULL, 3, NULL);
INSERT INTO `student` VALUES (2018450141, '赵加明', 20, 1, 20184501, 67040030500, '330327200104082354', '13151599167', '15057312859', '13958737350', 2, NULL, 3, NULL);
INSERT INTO `student` VALUES (2018450142, '李槐弘', 20, 1, 20184501, 67040030400, '330783199911190711', '13160030683', '13605725723', '18357906628', 3, NULL, 3, NULL);
INSERT INTO `student` VALUES (2018450143, '张铭轩', 20, 1, 20184501, 67040030600, '331081199902104017', '13355864818', '15305886686', '15356598138', 2, NULL, 3, NULL);
INSERT INTO `student` VALUES (2018450144, '白剑', 20, 1, 20184501, 67040030600, '140202199911115550', '18503528551', '13610623690', '18636278976', 4, NULL, 3, NULL);
INSERT INTO `student` VALUES (2018450145, '史晓冰', 20, 2, 20184501, 76166651302, '142726200010070629', '13160081870', '13916057929', '15121109669', 1, NULL, 3, NULL);
COMMIT;

-- ----------------------------
-- Table structure for user
-- ----------------------------
DROP TABLE IF EXISTS `user`;
CREATE TABLE `user` (
  `id` int(11) NOT NULL AUTO_INCREMENT COMMENT '管理员用户 ',
  `username` varchar(255) CHARACTER SET utf8 DEFAULT NULL COMMENT '管理员用户表',
  `password` varchar(255) CHARACTER SET utf8 DEFAULT NULL COMMENT '管理员用户密码',
  `nickname` varchar(255) CHARACTER SET utf8 DEFAULT NULL COMMENT '管理员用户昵称',
  `powerid` int(11) DEFAULT NULL COMMENT '用户权限',
  PRIMARY KEY (`id`)
) ENGINE=InnoDB AUTO_INCREMENT=3 DEFAULT CHARSET=utf8mb4 COMMENT='用户表';

-- ----------------------------
-- Records of user
-- ----------------------------
BEGIN;
INSERT INTO `user` VALUES (1, 'admin', '21232f297a57a5a743894a0e4a801fc3', '超级管理员', 1);
INSERT INTO `user` VALUES (2, 'tardis', NULL, 'Tardis', 1);
COMMIT;

SET FOREIGN_KEY_CHECKS = 1;
